stream_link, One-Shot, Existential, Funny, Horror, Visual Novel, Interactive, Lore, Roleplay, Collab, BL/GL, Story-Driven, Open-World, Choices Matter, Cuu VA, Cinematic, Action, Platform, Romanceable, Supercut, Only Cuu, zatsu_start, stream_title
yNHCpGoaNp8, ,,,,,1,,,,,,,,,,,,,,1,         0, "My Magical (Cursed) Winter Vacation - Oshiete Yo Cú-Sensei"
7b92GGIKgJs, 1,1,,,,,,,,,1,,,,,,,,1,,       1:20:49, "Family Can Be A Curse - What Remains of Edith Finch Supercut"
fBy_0nxGH84, 1,,1,,1,,,,,,,,1,,,,,1,1,,     1:58:24, "How it Went When I Tried to Date Everything - Date Everything The Supercut"
0PLMDNg8zlc, 1,1,,,,,,,,,1,,,,,,,,1,,       3:57:33, "Five Lives on the Line. One Murder Mystery - Sofia In Exchange For Lies Supercut With True Ending"
s_hkYYXJzPQ, 1,,,1,1,,,,,1,1,,1,1,,,,1,1,,  1:28:23, "Yandere x Demon BL Visual Novel - Fearbonding Voice Acted with All Endings"
HlNU1OK86QM, ,,,,,1,,,,,,,,,,,,,,1,         5:19:40, "Pupal Show and Tell - The Birthday Special!"
9Rfj2ng86nk, ,,,,1,,,,,,1,,1,1,,,,,,,       4:51:47, "Requiem - The House In Fata Morgana: A Requiem For Innocence Part 7 [END]"
PIOHFenxn-I, ,,1,,1,,,,,1,1,,1,1,,,,1,,,    5:49:59, "Selling Antiques and Finding Love! - The Willowmist Emporium of Antiques & Curiosities"
nYTOrzlctWE, ,,1,,,1,,1,,,,,,,,,,,,1,       0, "PadoCu PadoCu! - Oshiete Yo Cú-Sensei Episode 10"
hkR5Hil9UPw, 1,,1,,,1,,,,,,,,,,,,,,1,       5:11:56,"The Movie Guessing Game!"
zxgg_ViXLsM, ,,,,1,,,,,,1,,1,1,,,,,,,       3:43:16,"The Lonely Lord - The House In Fata Morgana: A Requiem For Innocence Part 6"
uuUIN44oQ5E, ,,,,,,,,,,,,,1,,1,1,,,,        5:47:12,"Overcoming Creative Block with a Magical Paintbrush! - Constance"
ZktyCq0sK0s, ,,,,,1,,,,,,,,,,,,,,1,         0,"It Was a Long and Amazing Month! - Oshiete Yo Cú-Sensei Episode 9"
zXEMMA939Hg, ,,1,,,,,,,,,,1,,1,,,1,,,       4:13:52,"We Either Win or Die! - Road to Empress Part 2 (End)"
lP5HcsvUcQI, ,,,1,,,,,2,,,,,,,,,,,,         3:12:02,"One Braincell, Three Beans - R.E.P.O. w/ Vain Zander Netherbrand"
02WkcuQX6F4, ,,1,,,,,,,,1,,1,,1,,,1,,,      4:31:52,"It Has Been 0 Days Since The Last HR Meeting - Dispatch Episodes 6-8 Uncensored"
qRFk6JMtfKQ, ,,,,,1,,,,,,,,,,,,,,1,         0,"I was a Maid for my Birthday! - Oshiete Yo Cú-Sensei Episode 8"
zGdgRbW7zfQ, ,,,,,,,,,,,,,,,,,,,1,          0,"Post-Karaoke Chatting Stream!"
JYJhV8i1jE4, ,,1,,,,,,,,1,,1,,1,,,1,,,      5:15:51,"Superheroes with Super Problems - Dispatch Episodes 1-5 Uncensored"
J6AbMxzTR-0, ,,,,1,,,,,,1,,1,1,,,,,,,       5:16:17,"After the Slaughter - The House In Fata Morgana: A Requiem For Innocence Part 5"
xQVBjpQQPeE, ,,1,,,,,,,,1,,1,,1,,,1,,,      5:00:03,"Can I Survive in a Court Drama? - Road to Empress"
2r5RinTHXQo, ,,,1,,,,,,,1,,1,1,,,,,,,       5:51:20,"A Day Late For Trick or Treating... - No, I'm Not a Human"
etyQnriXXmA, 1,,1,,,1,,1,,,,,,1,,,,,,1,     2:03:30,"Trick or Treat!? Let's Have a Halloween Roleplaying Session!"
e082PDwOnX8, 1,,,1,,,,,,,1,,1,1,,,,,,,      6:56:27,"A Horror Game in which You Only Control Your Face - Who's Lila?"
fy9R5mbpx4g, ,,,,1,,,,,,1,,1,1,,,,,,,       4:26:23,"Everyone is Crying - The House In Fata Morgana: A Requiem For Innocence Part 4"
TVhTAnIV5_M, ,,,,,1,,,,,,,,,,,,,,1,         0,"This is, This is, Halloween Time! - Oshiete Yo Cú-Sensei Episode 7"
3pJyyhdEQR4, ,,,1,,,,,,,1,,1,1,,,,,,,       5:37:48,"Knock Knock, Can I come In? - No, I'm Not a Human"
8JP8ib36MoE, 1,,,1,1,,,,,1,1,,1,1,,,,1,,,   5:39:25,"BL Horror Visual Novel? All Aboard! - Saihate Station"
ooDdTI6BaZw, ,,,1,,,,,,,1,,,,,,1,,,,        5:20:22,"Will Lana Have a Disney Fairytale Ending? - Bye Sweet Carole Part 2"
8aKAZOxUSlc, ,,,,1,,,,,,1,,1,1,,,,,,,       4:37:32,"If They Hurt Ceren I Might Cry... - The House In Fata Morgana: A Requiem For Innocence Part 3"
-8nSSouEKNk, ,,,,,1,,,,,,,,,,,,,,1,         0,"The Journeys Life Takes Us On - Oshiete Yo Cú-Sensei Episode 6"
uy0Wj_nOgKY, ,,,1,,,,,,,1,,1,,,1,,,,,       2:01:59,"Let's See The First Ending - Silent Hill f Finale"
OI7FVDQfXHM, ,,,1,,,,,1,,,,,,,1,,,,,        3:34:35,"Ain't no Trial we Can't Overcome! - Outlast Trials w/ Zander Netherbrand"
i3-fZZiRRag, ,,,1,,,,,,,1,,,,,,1,,,,        3:54:52,"A Nostalgic Nightmare - Bye Sweet Carole"
pO41I7m3UCc, 1,,,1,1,,,,,1,1,,1,1,,,,1,,,   3:10:32,"Yandere x Demon BL? Yes Please - Fearbonding"
LucADfkU7DU, ,,,,1,,,,,,1,,1,1,,,,,,,       5:05:56,"Out of the Lord's Manor, Now Where? - The House In Fata Morgana: A Requiem For Innocence Part 2"
m7zpIfO1ETg, ,,,,,1,,,,,,,,,,,,,,1,         0,"Cursed Knowledge - Oshiete Yo Cú-Sensei Episode 5"
rIjHhVr8w-Q, ,,1,,,,,,,,1,,1,1,,,,,,,       3:20:51,"Mettaton and King Fluffybuns? - Undertale Part 4"
Y9H7gURSK9w, ,,,1,,,,,,,1,,1,,,1,,,,,       5:48:01,"We've Killed Our Past. On to the Future - Silent Hill f Part 2"
NfdxUzUWMeo, ,,,,1,,,,,,1,,1,1,,,,,,,       4:20:47,"It's Time to Hear Morgana's Tale - The House In Fata Morgana: A Requiem For Innocence"
-xH58LTrV_k, ,,,,,1,,,,,,,,,,,,,,1,         0,"This Week is a Chill One - Oshiete Yo Cú-Sensei Episode 4"
EgDKIKEmwyc, ,,,,,,,1,10,,,1,,,,,,,,,       5:14:14,"[SCRP 2] One Body, Two Souls - Féileacán Cú Becomes a Cobblemon Master!"
QvNMOfE_I4E, ,,1,,,,,,,,1,,1,1,,,,,,,       3:28:00,"Laboratory? There Better Be A Dog Pun Coming - Undertale Part 3"
bbpaZjnN15M, ,1,,,,,,,,,1,,,,,,,,,,         7:27:12,"Time to Unravel Sofia's Mystery - Sofia In Exchange For Lies Part 2"
DLxNH0JDS0Q, ,,,1,,,,,,,1,,1,,,1,,,,,       8:30:57,"When The Hills Cry Silently - Silent Hill f"
1nfIDZsCiL8, ,,,,,1,,,,,,,,,,,,,,1,         0,"Horror, Game Recommendations and Your Poorly Told Stories - Oshiete Yo Cú-Sensei Episode 3"
79h4Kgp4AZ0, ,,1,,,,,,,,1,,1,1,,,,,,,       3:26:34,"Can I Keep The Pacifist Run Going? - Undertale Part 2"
iK6Oy8s7yxk, 1,1,,,,,,,,,1,,,,,,1,,,,       2:50:46,"Let's Paint a Picture of a Life - The Unfinished Swan"
_xp2WxoSeTs, ,1,,,,,,,,,1,,,,,,,,,,         5:49:41,"A Murder Mystery Where All Suspects Are A Single Girl's Alters - Sofia In Exchange For Lies"
d7Z3RxsdjBc, ,,,,,1,,,,,,,,,,,,,,1,         0,"Hashtags, Stories Explained Poorly and Your Bucket Lists - Oshiete Yo Cú-Sensei Episode 2"
D1aD_msnWJk, ,,,,,1,,,,,,,,,,,,,,1,         4:28:50,"Show and Tell Time! #PupalSAT"
Z0MrmgAFwRc, ,,1,,1,,,,,,,,1,,,,,1,,,       8:38:05,"I'll make him ADORE me! - Date Everything!"
RoOed38WEwY, ,,,,,1,,,,,,,,,,,,,,1,         0,"Anime Impulse OC 2025, Post-Debut, Bucket Lists & More - Oshiete Yo Cú-Sensei Episode 1"
BMh6L9LOrlI, 1,,,,,1,,,,,,,,,,,,,,1,        4:31:02,"Just Chatting And Ranking Movies"
6-vGuOxJAxo, ,,1,,,,,,,,1,,1,1,,,,,,,       3:24:56,"Am I gonna Have a Bad Time? - Undertale"
87GnQLQ3XII, 1,1,,,,,,,,,1,,,,,,,,,,        4:00:29,"The Stories That Are Told When We Are No More - What Remains of Edith Finch"
6CPOlvuTgGI, ,,1,,1,,,,,,,,1,,,,,1,,,       6:16:23,"The World Is My Dating Sim! - Date Everything!"
wcbUTC8wCZs, ,,,,,1,,,,,,,,,,,,,,1,         0,"Just Chatting With The Pupals!"
ZCHmKRc_WgI, ,,,,,,1,1,,,,,,1,1,,,,,1,      1:03:55,"Life, Death and Rebirth - Féileacán Cú VTuber Debut"
sphxrATM7vY, ,,,,,,1,,,,,,,1,1,,,,,,        19:27,"Metamorphosis Lost Motion Comic Chapters 1-4"
Uy-lNGkXskk, ,,,,,,1,,,,,,,1,1,,,,,,        1:58,"A New Beginning - September 1st, 10 am EDT"
eTU6SNI9GhE, ,,,,,,1,,,,,,,1,1,,,,,,        1:29,"The Ultimate End"